"id","topic","subtopic","question","options","correct_answer","feedback","generated_at"
"42221529","Introduction to Medicine and Medical Science (IMMS).","Genetics:","A 4-year-old boy is diagnosed with Duchenne muscular dystrophy, a condition inherited in an X-linked recessive pattern. Genetic testing confirms his mother is a carrier of the mutation. Although she does not show clinical symptoms of muscle weakness, a biopsy of her muscle tissue would show a mosaic pattern of dystrophin protein expression. Which of the following biological processes is responsible for this finding?","{""A"": ""Genomic imprinting"", ""B"": ""Germline mosaicism"", ""C"": ""Random X-inactivation"", ""D"": ""Somatic recombination"", ""E"": ""Unequal crossing over""}","C","C is correct because random X-inactivation (also known as Lyonisation) occurs early in the embryonic development of females. In each cell, one of the two X chromosomes is randomly and permanently inactivated, becoming a Barr body. This results in females being functional mosaics, where some cells express the maternal X and others express the paternal X. In a carrier of an X-linked condition, this process explains why they may have a mix of cells expressing the normal and mutated alleles. A is incorrect as imprinting is parent-of-origin specific silencing. B refers to mutations restricted to the gametes. D and E are processes related to DNA rearrangements or meiotic errors.","2026-05-15T10:58:19.232414"
"83822590","Introduction to Medicine and Medical Science (IMMS).","Cell biology:","A 20-year-old man consumes a meal rich in carbohydrates. In the small intestine, glucose is transported from the lumen into the enterocytes across the apical membrane. This transport occurs against the glucose concentration gradient and is coupled with the inward movement of sodium ions, which are moving down their electrochemical gradient. Which transport mechanism is being utilized for this apical glucose uptake?","{""A"": ""Facilitated diffusion"", ""B"": ""Primary active transport"", ""C"": ""Secondary active transport"", ""D"": ""Simple diffusion"", ""E"": ""Voltage-gated ion channel""}","C","Secondary active transport (specifically symport via SGLT1) utilizes the electrochemical gradient of sodium ions, which is established by the Na+/K+ ATPase (primary active transport), to drive the transport of glucose against its concentration gradient. Facilitated diffusion (A) moves substances down their concentration gradient using a carrier protein. Primary active transport (B) directly uses ATP to move substances. Simple diffusion (D) occurs without the aid of membrane proteins for lipid-soluble molecules.","2026-05-15T10:59:28.671559"
"42028708","Introduction to Medicine and Medical Science (IMMS).","Energy metabolism / Biochemistry:","A 22-year-old athlete is performing a high-intensity 400-metre sprint. Due to the rapid demand for energy and relatively low oxygen availability in the working skeletal muscle, pyruvate is converted to lactate by the enzyme lactate dehydrogenase. What is the primary physiological purpose of converting pyruvate to lactate under these anaerobic conditions?","{""A"": ""To generate additional ATP directly from the conversion step"", ""B"": ""To provide an alternative substrate for the Krebs (TCA) cycle"", ""C"": ""To regenerate nicotinamide adenine dinucleotide (NAD+) for glycolysis"", ""D"": ""To increase the pH of the intracellular environment during exercise"", ""E"": ""To facilitate the transport of fatty acids into the mitochondria""}","C","In anaerobic conditions, the electron transport chain cannot oxidise NADH back to NAD+. The conversion of pyruvate to lactate by lactate dehydrogenase regenerates NAD+ from NADH. This regenerated NAD+ is a required co-factor for the glyceraldehyde-3-phosphate dehydrogenase reaction in glycolysis, allowing the pathway to continue and provide ATP through substrate-level phosphorylation. A is incorrect as no ATP is produced in the pyruvate-to-lactate step itself. D is incorrect as lactate production is associated with a decrease in intracellular pH. E describes the role of the carnitine shuttle.","2026-05-15T11:00:40.081059"
"02550047","Introduction to Medicine and Medical Science (IMMS).","Embryo development from fertilisation to week 9:","A woman who is three weeks pregnant (approximately 15 days post-fertilisation) attends an early pregnancy assessment. At this specific stage of embryonic development, cells of the epiblast begin to migrate through the primitive streak to form the three primary germ layers. Which of the following terms best describes this developmental process?","{""A"": ""Cleavage"", ""B"": ""Gastrulation"", ""C"": ""Implantation"", ""D"": ""Neurulation"", ""E"": ""Organogenesis""}","B","Gastrulation occurs during the third week of development (approximately day 15) and is the process by which the bilaminar embryonic disc is converted into a trilaminar embryonic disc consisting of ectoderm, mesoderm, and endoderm. Cleavage occurs in the first week. Implantation begins at the end of the first week. Neurulation begins after gastrulation has commenced. Organogenesis primarily occurs from weeks 4 to 8.","2026-05-15T11:01:45.694739"
"06897302","Introduction to Medicine and Medical Science (IMMS).","Cell histology and their ultrastructural components:","A medical student is examining a histological slide of the human trachea under a light microscope. They observe a tissue lining the lumen that appears to have multiple layers of nuclei at different levels; however, upon closer inspection, every cell is anchored to the basement membrane, although not all reach the apical surface. Which of the following best describes this type of epithelium?","{""A"": ""Simple columnar epithelium"", ""B"": ""Simple squamous epithelium"", ""C"": ""Pseudostratified columnar epithelium"", ""D"": ""Stratified squamous epithelium"", ""E"": ""Transitional epithelium""}","C","Pseudostratified columnar epithelium is characteristic of the upper respiratory tract, such as the trachea. While it appears stratified because the nuclei sit at different heights, it is technically a simple epithelium because every cell maintains contact with the basement membrane. Simple columnar (A) has nuclei at a uniform level. Stratified squamous (D) consists of multiple distinct layers of cells where only the basal layer touches the basement membrane.","2026-05-15T11:02:52.033017"
"18597116","Introduction to Medicine and Medical Science (IMMS).","Introduction to anatomical features of the human body","A 24-year-old woman presents to the emergency department with symptoms suggestive of meningitis. A clinician performs a lumbar puncture at the L3/L4 level to obtain a sample of cerebrospinal fluid (CSF) for analysis. In which of the following anatomical spaces is the CSF normally located?","{""A"": ""Epidural space"", ""B"": ""Subdural space"", ""C"": ""Subarachnoid space"", ""D"": ""Central canal"", ""E"": ""Extradural space""}","C","C is the correct answer because the cerebrospinal fluid (CSF) is contained within the subarachnoid space, which is the interval between the arachnoid mater and the pia mater. The epidural (A) and extradural (E) spaces are located outside the dura mater and contain fat and veins. The subdural space (B) is a potential space between the dura and arachnoid maters. While CSF exists in the central canal (D) of the spinal cord, this is not the space accessed during a lumbar puncture to obtain a diagnostic sample.","2026-05-15T11:04:04.734368"
"67115572","Introduction to Medicine and Medical Science (IMMS).","ILA 1 - Cystic Fibrosis","A 2-week-old infant undergoes genetic testing following a positive newborn screening result for cystic fibrosis. The results confirm a homozygous deletion of three base pairs at codon 508 (ΔF508) in the CFTR gene. Which of the following best describes the primary consequence of this mutation on the CFTR protein?","{""A"": ""Failure of the protein to be translated due to the introduction of a premature stop codon"", ""B"": ""Misfolding of the protein and its subsequent degradation in the endoplasmic reticulum"", ""C"": ""Production of a protein that reaches the cell membrane but lacks chloride channel gating activity"", ""D"": ""Production of a protein that reaches the cell membrane but has reduced chloride conductance"", ""E"": ""A frameshift mutation that results in an entirely different primary sequence of amino acids""}","B","The ΔF508 mutation is an in-frame deletion of three nucleotides, resulting in the loss of a phenylalanine residue. This specific change causes the CFTR protein to misfold during its synthesis. The cell's quality control machinery in the endoplasmic reticulum (ER) identifies the misfolded protein and targets it for degradation, preventing it from reaching the cell surface (Class II defect). Option A describes a nonsense mutation (Class I). Option C describes a gating defect (Class III). Option D describes a conductance defect (Class IV). Option E is incorrect because a three-base pair deletion preserves the reading frame.","2026-05-15T11:05:12.332868"
"39777582","Cardiovascular system.","Principle features of haematology:","A 65-year-old man with chronic liver disease is found to have significant peripheral oedema. Laboratory tests reveal a significantly reduced concentration of plasma proteins. Which of the following plasma proteins is the primary contributor to the colloid osmotic (oncotic) pressure required to maintain fluid balance between the intravascular and interstitial compartments?","{""A"": ""Alpha-1 antitrypsin"", ""B"": ""Albumin"", ""C"": ""Fibrinogen"", ""D"": ""Gamma globulin"", ""E"": ""Transferrin""}","B","Albumin is the most abundant plasma protein and is responsible for approximately 80% of the plasma colloid osmotic pressure. This pressure opposes the capillary hydrostatic pressure, helping to keep fluid within the vascular compartment. In chronic liver disease, albumin synthesis is impaired, leading to decreased oncotic pressure and the development of oedema.","2026-05-15T11:06:31.122658"
"69750331","Cardiovascular system.","Physiological features of the cardiovascular system:","A 19-year-old student stands up quickly after lying on a sofa for several hours. She experiences a brief moment of light-headedness before her blood pressure stabilizes. Which of the following describes the primary physiological reflex response initiated by the baroreceptors in the carotid sinus to maintain her mean arterial pressure?","{""A"": ""Decreased firing rate of the baroreceptors leading to increased sympathetic outflow"", ""B"": ""Increased firing rate of the baroreceptors leading to decreased parasympathetic outflow"", ""C"": ""Decreased firing rate of the baroreceptors leading to increased parasympathetic outflow"", ""D"": ""Increased firing rate of the baroreceptors leading to increased sympathetic outflow"", ""E"": ""Increased firing rate of the baroreceptors leading to decreased heart rate""}","A","A is correct because standing up causes a transient drop in mean arterial pressure due to gravity-induced venous pooling. This reduces the stretch on the high-pressure baroreceptors in the carotid sinus, leading to a decrease in their firing rate to the medullary cardiovascular centres. The medulla then coordinates an increase in sympathetic outflow and a decrease in parasympathetic outflow to increase heart rate, stroke volume, and total peripheral resistance.","2026-05-15T11:07:49.651488"
"35850379","Cardiovascular system.","Embryonic development of the heart and circulation:","A neonatal examination of a newborn reveals a congenital vascular anomaly. In typical embryonic development, the definitive adult arch of the aorta, specifically the segment between the left common carotid and the left subclavian arteries, is derived from which of the following structures?","{""A"": ""Left third aortic arch"", ""B"": ""Left fourth aortic arch"", ""C"": ""Right fourth aortic arch"", ""D"": ""Left sixth aortic arch"", ""E"": ""Right sixth aortic arch""}","B","B is correct because the left fourth aortic arch develops into the part of the aortic arch located between the left common carotid and left subclavian arteries. A is incorrect as the third arches form the common carotid arteries. C is incorrect as the right fourth arch forms the proximal part of the right subclavian artery. D and E are incorrect as the sixth arches contribute to the pulmonary arteries and the ductus arteriosus.","2026-05-15T11:08:55.259890"
"99390066","Cardiovascular system.","Histology of the cardiovascular system:","A 58-year-old woman undergoes a heart transplant. The pathologist examines the healthy regions of the explanted heart's myocardium under high-power magnification. They identify specialized junctions between adjacent muscle cells, known as intercalated discs, which are essential for the heart to function as a functional syncytium. Which of the following components of these discs is primarily responsible for the rapid spread of action potentials between cardiomyocytes?","{""A"": ""Desmosomes"", ""B"": ""Fascia adherens"", ""C"": ""Gap junctions"", ""D"": ""Tight junctions"", ""E"": ""Z-discs""}","C","Gap junctions are the specific component of intercalated discs that provide low-resistance pathways (chemical/electrical synapses) for ion flow, allowing for electrical coupling and the rapid spread of action potentials across the myocardium. Desmosomes (macula adherens) and fascia adherens are also present in intercalated discs but serve to mechanically bind the cells together. Tight junctions are typically found in epithelial tissues to prevent leakage, and Z-discs are structural components of the sarcomere within the cell.","2026-05-15T11:10:04.305514"
"61296506","Cardiovascular system.","Anatomical features of the cardiovascular system:","A 45-year-old woman presents with sharp central chest pain that is relieved by sitting forward. A diagnosis of pericarditis (inflammation of the pericardium) is suspected. She also mentions that she feels an aching sensation at the top of her left shoulder. Which of the following nerves provides the somatic sensory innervation to the fibrous pericardium and is responsible for this referred pain?","{""A"": ""Intercostal nerves"", ""B"": ""Left recurrent laryngeal nerve"", ""C"": ""Phrenic nerve"", ""D"": ""Sympathetic trunk"", ""E"": ""Vagus nerve""}","C","The fibrous pericardium and the parietal layer of the serous pericardium are innervated by the phrenic nerves (C3-C5). These nerves carry somatic sensory fibers. Because the C3, C4, and C5 spinal segments also provide sensory innervation to the skin of the shoulder (supraclavicular nerves), irritation of the pericardium can lead to referred pain in the shoulder region. The vagus nerve (E) provides parasympathetic innervation to the heart, while the sympathetic trunk (D) provides sympathetic fibers; neither is the primary source of somatic sensation for the fibrous pericardium.","2026-05-15T11:11:14.671370"
"12512940","Cardiovascular system.","ILA 2 - Myocardial Infarction","A 65-year-old woman is admitted to the hospital with an acute myocardial infarction. During a review of her coronary physiology, it is noted that the left ventricle is susceptible to ischaemia because its perfusion is restricted during parts of the cardiac cycle. During which phase of the cardiac cycle is blood flow through the left coronary artery at its peak?","{""A"": ""Atrial systole"", ""B"": ""Early diastole"", ""C"": ""Isovolumetric contraction"", ""D"": ""Late diastole"", ""E"": ""Ventricular ejection""}","B","B is correct because coronary blood flow to the left ventricle is maximal during early diastole. During ventricular systole (isovolumetric contraction and ventricular ejection), the high pressure generated by the contracting myocardium compresses the intramural coronary vessels, increasing resistance and reducing flow to a minimum. Once the ventricle relaxes in diastole, this external compression is relieved, and the high pressure in the aorta drives peak perfusion into the coronary circulation.","2026-05-15T11:12:31.432659"
"40356139","Respiratory system.","Physiological features of the respiratory system:","A 21-year-old medical student participates in a physiology practical session investigating the control of ventilation. He is asked to perform a breath-hold at the end of a normal tidal expiration. As the duration of the breath-hold increases, he feels a strong physiological urge to breathe. This drive is primarily mediated by central chemoreceptors located on the ventral surface of the medulla. Which of the following changes in the cerebrospinal fluid (CSF) is the most direct stimulus for these central chemoreceptors?","{""A"": ""Decreased partial pressure of carbon dioxide (PCO2)"", ""B"": ""Decreased partial pressure of oxygen (PO2)"", ""C"": ""Increased concentration of bicarbonate ions (HCO3-)"", ""D"": ""Increased concentration of hydrogen ions (H+)"", ""E"": ""Increased partial pressure of oxygen (PO2)""}","D","Central chemoreceptors are primarily sensitive to the concentration of hydrogen ions (H+) in the brain extracellular fluid and CSF. While arterial PCO2 is the main driver of this change (as CO2 readily crosses the blood-brain barrier and reacts with water to form carbonic acid which dissociates into H+ and HCO3-), it is the resulting increase in H+ ions that directly stimulates the receptors. Peripheral chemoreceptors, not central ones, are the primary sensors for decreased PO2.","2026-05-15T11:13:36.976666"
"30518010","Respiratory system.","Immune features of the respiratory system:","A 19-year-old student experiences a sudden onset of wheezing, facial swelling, and hypotension shortly after consuming a meal containing peanuts. This presentation is characteristic of a Type 1 hypersensitivity reaction (anaphylaxis). What is the primary physiological mechanism that triggers the degranulation of mast cells in this type of reaction?","{""A"": ""Binding of IgG-allergen complexes to receptors on the surface of neutrophils"", ""B"": ""Cross-linking of IgE molecules bound to high-affinity Fc receptors by an allergen"", ""C"": ""Direct activation of the complement cascade by the allergen via the alternative pathway"", ""D"": ""Migration of sensitized T-lymphocytes to the site of allergen exposure"", ""E"": ""Production of reactive oxygen species by alveolar macrophages upon allergen phagocytosis""}","B","B is correct because Type 1 hypersensitivity (anaphylaxis) is mediated by IgE. In a sensitized individual, the allergen cross-links specific IgE antibodies that are already bound to high-affinity FcεRI receptors on the surface of mast cells and basophils. This cross-linking triggers an intracellular signalling cascade that results in the immediate degranulation of preformed mediators like histamine. A describes Type 3 hypersensitivity. C refers to an innate immune response. D describes Type 4 (delayed-type) hypersensitivity. E describes the innate phagocytic function of macrophages.","2026-05-15T11:14:45.378755"
"58587358","Respiratory system.","Lungs in wild environments","A 34-year-old commercial diver is working at a depth of 30 metres underwater. During a rapid, uncontrolled ascent to the surface, the ambient pressure decreases from 4 atmospheres (atm) to 1 atm. If the diver holds his breath, the air in his lungs will expand significantly, potentially causing pulmonary barotrauma. Which of the following gas laws states that, at a constant temperature, the volume of a fixed mass of gas is inversely proportional to the pressure exerted on it?","{""A"": ""Boyle's Law"", ""B"": ""Charles's Law"", ""C"": ""Dalton's Law"", ""D"": ""Henry's Law"", ""E"": ""Graham's Law""}","A","A is correct because Boyle's Law states that the pressure of a gas is inversely proportional to its volume (P1V1 = P2V2) at a constant temperature. This explains why gas volume increases as ambient pressure decreases during ascent. B (Charles's Law) describes the direct relationship between volume and temperature. C (Dalton's Law) states that the total pressure of a gas mixture is the sum of the partial pressures of its components. D (Henry's Law) states that the amount of dissolved gas in a liquid is proportional to its partial pressure above the liquid. E (Graham's Law) relates to the rate of gas effusion/diffusion.","2026-05-15T11:15:57.081839"
"90593342","Respiratory system.","Genetic and environmental lung influences","A 32-year-old man is diagnosed with Alpha-1 Antitrypsin Deficiency (AATD) after presenting with early-onset emphysema. In a healthy individual, what is the primary physiological role of Alpha-1 Antitrypsin within the alveolar walls?","{""A"": ""Facilitating the recruitment of neutrophils to the alveoli"", ""B"": ""Inhibiting the proteolytic activity of neutrophil elastase"", ""C"": ""Promoting the synthesis of elastin by type I pneumocytes"", ""D"": ""Regulating the secretion of chloride into the airway lumen"", ""E"": ""Stimulating the production of pulmonary surfactant""}","B","Alpha-1 antitrypsin is a protease inhibitor. Its normal physiological role is to inhibit neutrophil elastase, an enzyme released by white blood cells that breaks down elastin in the alveolar walls. This balance is essential to maintain the elastic recoil of the lung. Option D refers to the CFTR protein involved in Cystic Fibrosis, and Option E refers to a function of type II pneumocytes.","2026-05-15T11:17:05.296187"
"73746160","Respiratory system.","Allergy, hypersensitivity and the lung","A 19-year-old woman with a history of asthma experiences sudden shortness of breath and wheezing while running in cold weather. This is caused by the contraction of smooth muscle in the walls of the bronchioles. In the normal autonomic regulation of the respiratory system, which of the following mediators is primarily responsible for causing this bronchoconstriction via the parasympathetic nervous system?","{""A"": ""Acetylcholine"", ""B"": ""Adrenaline"", ""C"": ""Histamine"", ""D"": ""Noradrenaline"", ""E"": ""Serotonin""}","A","A is correct because the parasympathetic nerve supply to the lungs travels via the vagus nerve and releases acetylcholine. Acetylcholine acts on M3 muscarinic receptors on bronchial smooth muscle to cause bronchoconstriction. B is incorrect because adrenaline causes bronchodilation via beta-2 adrenoceptors. C is incorrect because, while histamine causes bronchoconstriction in allergy, it is a local mediator from mast cells, not a neurotransmitter of the parasympathetic nervous system. D is incorrect as noradrenaline has little effect on airway smooth muscle due to the lack of direct sympathetic innervation to the muscle itself.","2026-05-15T11:18:11.143434"
"41733063","Respiratory system.","First breath","A neonate born at 30 weeks gestation develops respiratory distress shortly after birth. In a healthy neonate, pulmonary surfactant produced by Type II pneumocytes is essential for a successful transition to air breathing. According to Laplace’s Law (P = 2T/r, where P is pressure, T is surface tension, and r is radius), how does surfactant primarily prevent the collapse of smaller alveoli into larger ones?","{""A"": ""By increasing the surface tension as the alveolar radius decreases"", ""B"": ""By decreasing the surface tension more significantly as the alveolar radius decreases"", ""C"": ""By increasing the pressure required to inflate the lungs during the first breath"", ""D"": ""By decreasing the total surface area available for gas exchange"", ""E"": ""By increasing the recoil pressure of the lung at high lung volumes""}","B","B is correct. According to Laplace's Law, if surface tension (T) were constant, smaller alveoli (smaller r) would have a higher internal pressure (P) and would collapse into larger alveoli. Surfactant reduces surface tension, and its effect is more pronounced as the radius decreases (because the surfactant molecules become more concentrated), thereby equalizing the pressure between different-sized alveoli and preventing atelectasis.","2026-05-15T11:19:18.771958"
"25414314","Respiratory system.","Embryonic development of the respiratory system:","A neonate born at 30 weeks gestation is observed to have difficulty breathing and is diagnosed with respiratory distress syndrome due to surfactant deficiency. In the normal developing lung, pulmonary surfactant is produced to reduce surface tension and prevent alveolar collapse. Which of the following cells is responsible for the synthesis and secretion of this substance?","{""A"": ""Alveolar macrophages"", ""B"": ""Ciliated columnar cells"", ""C"": ""Goblet cells"", ""D"": ""Type I pneumocytes"", ""E"": ""Type II pneumocytes""}","E","Type II pneumocytes are cuboidal cells located in the alveolar walls that produce and secrete pulmonary surfactant, a mixture of phospholipids and proteins that reduces surface tension. Type I pneumocytes are primarily responsible for gas exchange. Alveolar macrophages are part of the immune system, and goblet cells produce mucus in the upper airways.","2026-05-15T11:20:29.871192"
"20662187","Respiratory system.","Histology of the respiratory system:","A 32-week gestation neonate is born and shortly after develops signs of respiratory distress syndrome. A deficiency in pulmonary surfactant is suspected. Which of the following cells is normally responsible for the synthesis and secretion of surfactant to reduce surface tension within the alveoli?","{""A"": ""Alveolar macrophages"", ""B"": ""Club (Clara) cells"", ""C"": ""Endothelial cells"", ""D"": ""Type I pneumocytes"", ""E"": ""Type II pneumocytes""}","E","Type II pneumocytes are cuboidal cells that occupy about 5% of the alveolar surface area and are responsible for the production of surfactant, which reduces surface tension to prevent alveolar collapse. Type I pneumocytes are thin, squamous cells optimized for gas exchange. Club cells (formerly Clara cells) are found in the bronchioles, while alveolar macrophages are responsible for phagocytosis.","2026-05-15T11:21:37.759841"
